id;nom;description;adresse
1;Montana;enable Accounts Utah;Associate
2;Multi-channelled leading edge withdrawal;THX syndicate array;Dynamic
3;Corners;Programmable red Mexican Peso Mexican Unidad de Inversion (UDI);neural Borders
4;red Supervisor;Rubber models Pizza;olive models
5;AGP streamline;Checking Account Rustic Fresh Chips;Bacon generating bandwidth
6;Facilitator functionalities;Personal Loan Account blue Engineer;generate RAM Ergonomic
7;Solutions Crossroad overriding;Ergonomic Frozen Table;Intelligent Concrete Shirt
8;needs-based Avon;Guarani;Licensed Soft Mouse Music Licensed Frozen Ball
9;archive Dynamic Producer;secondary silver Toys;Dynamic RSS
10;Money Market Account Bouvet Island (Bouvetoya) Savings Account;dynamic Licensed Money Market Account;Practical ivory redefine
