id;nom;prenom;email;telephone
1;reciprocal payment;Kuwait;Marshall.Conn8@hotmail.com;(757) 948-2373 x9233
2;Metrics engage world-class;Adaptive interfaces capacitor;Mckenna28@gmail.com;988.740.6882
3;Springs Checking Account;superstructure parsing Ergonomic;Larissa91@hotmail.com;445.581.2114 x9066
4;Savings Account Mouse back-end;Mill Ergonomic online;Beatrice.Rolfson@gmail.com;(295) 249-6892 x2308
5;Mountain;regional;Carlos_Abshire@yahoo.com;991-226-7145 x988
6;Up-sized migration Avon;background Electronics;Alexane11@hotmail.com;312.021.3935
7;Avon Reduced;back-end withdrawal Executive;Idella.Stroman81@gmail.com;(859) 076-9905 x61696
8;Soap;Small;Margarita_Kuhn48@hotmail.com;(383) 607-8837 x334
9;invoice expedite;Bedfordshire silver efficient;Cody_Schuster@yahoo.com;518-199-1736 x431
10;Auto Loan Account;red program;Obie_Crona69@hotmail.com;(763) 173-1276 x6530
