id;title;description;prix
1;Officer Principal Incredible Soft Sausages;metrics e-services Markets;84603
2;transmitting bottom-line visualize;yellow Ergonomic Metal Table matrices;13242
3;flexibility;Bulgaria Awesome 1080p;59915
4;SCSI;Oregon;41814
5;Developer;methodology optical Borders;59582
6;Licensed Saint Vincent and the Grenadines;Bedfordshire;21196
7;killer deposit HDD;Granite Buckinghamshire AGP;98901
8;Functionality Nebraska;Streets vertical Rand Namibia Dollar;43400
9;backing up;Executive Ranch Borders;93232
10;XSS;Incredible;25527
